一级标题,二级标题,三级标题,四级标题,链接标题,请求方式,请求URI,请求正文,正文附件
考研报名,考研流程,NULL,NULL,考研流程,GET,/liucheng/,NULL,NULL
考研报名,考研流程,考研目标确定,NULL,研究生招生单位,GET,/graduate/,NULL,NULL
考研报名,考研流程,复习计划制定,NULL,考研复习安排表,GET,/info/article/id/303511.shtml,NULL,NULL
考研报名,考研流程,考研基础复习,NULL,公共课复习,GET,/info/main/ClassID/5/sum/class_list.shtml,NULL,NULL
考研报名,招生资讯,考研时间,NULL,2023考研时间表,GET,/info/article/id/463355.shtml,NULL,NULL
考研报名,招生资讯,考研时间,NULL,2023考研日程表,GET,/info/article/id/463343.shtml,NULL,NULL
考研报名,招生资讯,考研时间,NULL,2022考研时间定了！正式网报时间有变化,GET,/info/article/id/410967.shtml,NULL,NULL
考研报名,招生资讯,政策规章,NULL,2023年全国硕士研究生招生考试公告,GET,/info/article/id/464165.shtml,NULL,NULL
考研报名,招生资讯,政策规章,NULL,2023年全国硕士研究生招生工作管理规定,GET,/info/article/id/463359.shtml,NULL,NULL
考研报名,招生资讯,政策规章,NULL,教育部部署做好2023年全国硕士研究生考试招生工作,GET,/info/article/id/463341.shtml,NULL,NULL
考研报名,招生资讯,报考指南,NULL,2023年考研报名人数汇总_考研报名人数多少,GET,/info/article/id/471273.shtml,NULL,NULL
考研报名,招生资讯,报考指南,NULL,全国各省市2023年考研报考点网报公告及现场确认须知,GET,/info/article/id/466327.shtml,NULL,NULL